lang,iso_code,wals_code,script,variety,name,20A,21A,21B,22A,23A,24A,25A,25B,26A,27A,28A,29A,ttr,ttr_sd,msp,msp_sd,ws,ws_sd,wh,wh_sd,lh,lh_sd,is,is_sd,mfh,mfh_sd,-ia,-ia_sd,family,genus,train_frac_estimate,ttr_flores,d_syn,h_dep_avg,h_codep_avg
ace_Arab,ace,ace,Arab,achi1257,Acehnese (Arabic script),,,,,1.0,1.0,1.0,2.0,1.0,,,,,,,,,,,,,,,,,,,,Austronesian,Malayo-Sumbawan,1.1292580453825333e-06,0.2677527551509343,0.67,,
ace_Latn,ace,ace,Latn,achi1257,Acehnese (Latin script),,,,,1.0,1.0,1.0,2.0,1.0,,,,,,,,,,,,,,,,,,,,Austronesian,Malayo-Sumbawan,0.0004770782463453,0.2732366183091546,0.67,,
acm_Arab,acm,arq,Arab,meso1252,Mesopotamian Arabic,,,,,,,,,4.0,,,,,,,,,,,,,,,,,,,,Afro-Asiatic,Semitic,0.0,0.472761109857884,0.68,,
acq_Arab,acq,,Arab,taiz1242,Taʽizzi-Adeni Arabic,,,,,,,,,,,,,,,,,,,,,,,,,,,,,Eastern Sudanic,Eastern Nilotic,0.0,0.4683356258596974,0.57,,
aeb_Arab,aeb,atu,Arab,tuni1259,Tunisian Arabic,,,,,,,,,,,,,,,,,,,,,,,,,,,,,Afro-Asiatic,Semitic,0.0,0.4683494710919572,0.93,,
afr_Latn,afr,afr,Latn,afri1274,Afrikaans,,,,,,,,,,,,,0.168628,0.002374534902,1.148436674,0.004036106645,0.543985029,0.01145824773,8.941647741,0.02190106666,8.775155967,0.02028307541,3.0,0.0,3.867341943,0.5501693385,-0.6670442898,0.0,Indo-European,Germanic,0.0037800207238562,0.2515958416925041,0.63,0.5623483705682986,0.46237361650064446
als_Latn,als,,Latn,tosk1239,Albanian (Tosk),,,,,,,,,,,,,,,,,,,,,,,,,,,,,Eastern Sudanic,Eastern Nilotic,0.0129289789331282,0.2936806148590948,0.55,,
amh_Ethi,amh,amh,Ethi,amha1245,Amharic,,,,,,,,,3.0,1.0,,,,,,,,,,,,,,,,,,,Afro-Asiatic,Semitic,0.0025865751260227,0.5000596089651884,0.61,,
apc_Arab_nort3139,apc,anl,Arab,nort3139,Levantine Arabic (North),,,,,,,,,,,,,,,,,,,,,,,,,,,,,Afro-Asiatic,Semitic,0.0,0.4849091016061658,0.61,,
apc_Arab_sout3123,apc,,Arab,sout3123,Levantine Arabic (South),,,,,,,,,,,,,,,,,,,,,,,,,,,,,Eastern Sudanic,Eastern Nilotic,0.0,0.4499408417375626,0.61,,
arb_Arab,arb,ams,Arab,stan1318,Modern Standard Arabic,,,,,,,,,2.0,,,,,,,,,,,,,,,,,,,,Afro-Asiatic,Semitic,0.0005066411753174,0.4582166702562998,0.67,,
arb_Latn,arb,ams,Latn,stan1318,Modern Standard Arabic (Romanized),,,,,,,,,2.0,,,,,,,,,,,,,,,,,,,,Afro-Asiatic,Semitic,0.0,0.4131155303030303,0.67,,
ars_Arab,ars,,Arab,najd1235,Najdi Arabic,,,,,,,,,,,,,,,,,,,,,,,,,,,,,Eastern Sudanic,Eastern Nilotic,0.0,0.4566836324671846,0.79,,
ary_Arab,ary,amr,Arab,moro1292,Moroccan Arabic,,,,,,,,,3.0,,,,,,,,,,,,,,,,,,,,Afro-Asiatic,Semitic,1.1292580453825333e-06,0.4710661581827226,0.64,,
arz_Arab,arz,aeg,Arab,egyp1253,Egyptian Arabic,6.0,5.0,3.0,4.0,4.0,4.0,5.0,2.0,3.0,1.0,1.0,2.0,,,,,,,,,,,,,,,,,Afro-Asiatic,Semitic,1.1292580453825333e-06,0.4365435570215757,0.62,,
asm_Beng,asm,ass,Beng,assa1263,Assamese,,,,,,,,,2.0,1.0,,,,,,,,,,,,,,,,,,,Indo-European,Indic,0.0020185523118344,0.4068770958641614,0.81,,
ast_Latn,ast,ast,Latn,astu1245,Asturian,,,,,,,,,,,,,,,,,,,,,,,,,,,,,Indo-European,Romance,0.0,0.3018677678014116,0.57,,
awa_Deva,awa,awd,Deva,awad1243,Awadhi,,,,,,,,,,,,,,,,,,,,,,,,,,,,,Indo-European,Indic,0.0007386800900609,0.2161806440998642,0.88,,
ayr_Latn,ayr,aym,Latn,cent2142,Central Aymara,1.0,1.0,2.0,5.0,3.0,3.0,3.0,2.0,2.0,1.0,1.0,2.0,,,,,,,,,,,,,,,,,Aymaran,Aymaran,0.0004306311499727,0.5081926514399205,0.67,,
azb_Arab,azb,azi,Arab,sout2697,South Azerbaijani,,,,,,,,,2.0,,,,,,,,,,,,,,,,,,,,Altaic,Turkic,0.0014011931563633,0.4240626338002324,0.75,,
azj_Latn,azj,,Latn,nort2697,North Azerbaijani,,,,,,,,,,,,,,,,,,,,,,,,,,,,,Eastern Sudanic,Eastern Nilotic,0.018086361694064,0.4258972943125345,0.57,,
bak_Cyrl,bak,bsk,Cyrl,bash1264,Bashkir,,,,,,,,,2.0,,,,,,,,,,,,,,,,,,,,Altaic,Turkic,0.0025195406325313,0.4312936442182506,0.74,,
bam_Latn,bam,bam,Latn,bamb1269,Bambara,,,,,,,,,2.0,,1.0,1.0,,,,,,,,,,,,,,,,,Mande,Western Mande,0.000444563163691,0.2464869845657682,0.67,,
ban_Latn,ban,bal,Latn,bali1278,Balinese,,,,,,,,,,1.0,,,,,,,,,,,,,,,,,,,Austronesian,Malayo-Sumbawan,0.0003572514406791,0.2804492986179409,1.0,,
bel_Cyrl,bel,blr,Cyrl,bela1254,Belarusian,,,,,,,,,2.0,,,,,,,,,,,,,,,,,,,,Indo-European,Slavic,0.0119503151886116,0.4061929885114146,0.76,0.41751791104587155,0.6696258174680465
bem_Latn,bem,bem,Latn,bemb1257,Bemba,,,,,,,,,,,,,,,,,,,,,,,,,,,,,Niger-Congo,Bantu,0.0013563891641804,0.321389346512905,0.79,,
ben_Beng,ben,ben,Beng,beng1280,Bengali,,,,,,,,,,,,,,,,,,,,,,,,,,,,,Indo-European,Indic,0.0217096525971591,0.3812338779019776,0.7,,
bho_Deva,bho,bho,Deva,bhoj1244,Bhojpuri,,,,,,,,,2.0,,,,,,,,,,,,,,,,,,,,Indo-European,Indic,0.0013456598451672,0.2338007135153074,0.68,,
bjn_Arab,bjn,,Arab,banj1239,Banjar (Jawi script),,,,,,,,,,,,,,,,,,,,,,,,,,,,,Eastern Sudanic,Eastern Nilotic,1.1292580453825333e-06,0.3931391518067249,0.57,,
bjn_Latn,bjn,,Latn,banj1239,Banjar (Latin script),,,,,,,,,,,,,,,,,,,,,,,,,,,,,Eastern Sudanic,Eastern Nilotic,0.0005795998516985,0.2861463678098839,0.57,,
bod_Tibt,bod,tib,Tibt,utsa1239,Lhasa Tibetan,1.0,1.0,2.0,3.0,2.0,2.0,2.0,2.0,,,,,,,,,,,,,,,,,,,,,Sino-Tibetan,Bodic,0.000148254459232,0.979187314172448,0.78,,
bos_Latn,bos,bos,Latn,bosn1245,Bosnian,,,,,,,,,,,,,,,,,,,,,,,,,,,,,Indo-European,Slavic,0.014832167497575,0.4025703730683178,0.61,,
brx_Deva,brx,bod,Deva,bodo1269,Bodo,,,,,,,,,2.0,,,,,,,,,,,,,,,,,,,,Sino-Tibetan,Brahmaputran,0.0,0.4345291479820627,0.71,,
bug_Latn,bug,bug,Latn,bugi1244,Buginese,,,,,,,,,,,,,,,,,,,,,,,,,,,,,Austronesian,South Sulawesi,0.0003632762776043,0.3795582139671546,0.71,,
bul_Cyrl,bul,bul,Cyrl,bulg1262,Bulgarian,,,,,,,,,2.0,,,,0.3551605,0.003757081946,1.430487855,0.00425175335,0.46335577,0.006329397945,10.54129902,0.02365964578,9.801146364,0.02500446459,9.6,0.4898979486,3.7559373,0.5933548429,-0.3490676305,0.0,Indo-European,Slavic,0.0,0.355772584583188,0.48,0.47412200412743993,0.6810344227417745
cat_Latn,cat,ctl,Latn,stan1289,Catalan,,,,,,,,,,3.0,,,0.2578375,0.003072217237,1.252523247,0.004876422929,0.4262502014,0.007666236009,9.447236817,0.02342034076,8.749057703,0.02735313086,6.0,0.0,3.552881864,0.3368584395,-0.517017017,0.0,Indo-European,Romance,0.0,0.2444398426175191,0.53,0.39135976554603147,0.62481517904437
ceb_Latn,ceb,ceb,Latn,cebu1242,Cebuano,,,,,,,,,,,,,,,,,,,,,,,,,,,,,Austronesian,Greater Central Philippine,0.0039583785804676,0.2263492964599975,0.8,,
ces_Latn,ces,cze,Latn,czec1258,Czech,,,,,,,,,3.0,,,,0.4080221666666666,0.0039698737363333,1.509301801,0.0039508696403333,0.4116308982333334,0.0054561767609999,11.21911277,0.0224706643566666,10.207946061666666,0.0276421296333333,11.4,0.5199633111,3.9536920283333337,0.7763187696,-0.3273692854333333,0.0,Indo-European,Slavic,0.0,0.4375929905769549,0.66,0.5675276288157657,0.8729961845050049
chv_Cyrl,chv,chv,Cyrl,chuv1255,Chuvash,,,,,,,,,2.0,,,,,,,,,,,,,,,,,,,,Altaic,Turkic,0.0005324427067502,0.4390787518573551,0.75,,
cjk_Latn,cjk,,Latn,chok1245,Chokwe,,,,,,,,,,,,,,,,,,,,,,,,,,,,,Eastern Sudanic,Eastern Nilotic,0.0006982831764665,0.3808669809387169,0.57,,
ckb_Arab,ckb,krd,Arab,cent1972,Central Kurdish,,,,,,,,,3.0,,,,,,,,,,,,,,,,,,,,Indo-European,Iranian,0.0020253227544673,0.4093196351818849,0.92,,
cmn_Hans,cmn,mnd,Hans,beij1234,Mandarin Chinese (Standard Beijing),7.0,1.0,1.0,1.0,2.0,2.0,2.0,2.0,2.0,1.0,1.0,1.0,0.3006155,0.003523320132,1.000835208,0.0001153559631,0.5520700313,0.008997585952,10.78694394,0.02728879498,10.77949026,0.0235474244,1.0,0.0,2.741359573,0.1482558246,-0.998998999,0.0,Sino-Tibetan,Chinese,0.0,0.9478991596638656,0.55,,
cmn_Hant,cmn,mnd,Hant,taib1240,Mandarin Chinese (Taiwanese),7.0,1.0,1.0,1.0,2.0,2.0,2.0,2.0,2.0,1.0,1.0,1.0,0.3006155,0.003523320132,1.000835208,0.0001153559631,0.5520700313,0.008997585952,10.78694394,0.02728879498,10.77949026,0.0235474244,1.0,0.0,2.741359573,0.1482558246,-0.998998999,0.0,Sino-Tibetan,Chinese,0.0,0.951715374841169,0.55,,
crh_Latn,crh,cri,Latn,crim1257,Crimean Tatar,,,,,,,,,,,,,,,,,,,,,,,,,,,,,Altaic,Turkic,0.0006967565902634,0.4502522585943916,0.57,,
cym_Latn,cym,wel,Latn,wels1247,Welsh,,,,,,,,,2.0,3.0,,,,,,,,,,,,,,,,,,,Indo-European,Celtic,0.0035873129204666,0.2226671672298001,0.57,,
dan_Latn,dan,dsh,Latn,dani1285,Danish,,,,,,,,,2.0,,,,,,,,,,,,,,,,,,,,Indo-European,Germanic,0.0,0.2956039642822098,0.5,0.4537831717972017,0.5687595097933965
deu_Latn,deu,ger,Latn,stan1295,German,1.0,2.0,1.0,2.0,2.0,2.0,2.0,2.0,2.0,3.0,3.0,2.0,,,,,,,,,,,,,,,,,Indo-European,Germanic,0.0,0.3185257032007759,0.42,0.5519564383964074,0.6136455718816275
dgo_Deva,dgo,dgi,Deva,dogr1250,Dogri,,,,,,,,,,,,,,,,,,,,,,,,,,,,,Indo-European,Indic,0.0,0.2371175850036517,0.9,,
dik_Latn,dik,,Latn,sout2832,Southwestern Dinka,,,,,,,,,,,,,,,,,,,,,,,,,,,,,Eastern Sudanic,Eastern Nilotic,0.0003678892228702,0.2031375703942075,0.57,,
dyu_Latn,dyu,dyu,Latn,dyul1238,Dyula,,,,,,,,,,,,,,,,,,,,,,,,,,,,,Mande,Western Mande,0.0007132496292114,0.3054396903891636,0.57,,
dzo_Tibt,dzo,,Tibt,dzon1239,Dzongkha,,,,,,,,,,,,,,,,,,,,,,,,,,,,,Eastern Sudanic,Eastern Nilotic,1.1725830432160371e-05,0.9010471998785856,0.57,,
ekk_Latn,ekk,est,Latn,esto1258,Estonian,,,,,,,,,2.0,,,,0.4908085,0.004143989955,1.471287946,0.004032261988,0.4581399005,0.005388463061,11.89101568,0.02754823649,10.86535025,0.03447262611,9.93,0.4063249931,3.704047588,0.6488342858,-0.1770093447,0.0,Uralic,Finnic,0.0,0.4957161896300057,0.69,,
ell_Grek,ell,grk,Grek,mode1248,Greek,1.0,2.0,3.0,3.0,3.0,3.0,3.0,2.0,2.0,3.0,3.0,3.0,0.2487795,0.003433846932,1.613331432,0.004359958489,0.5169611596,0.007327460445,9.696859999,0.02057792113,8.351142064,0.02188137361,9.0,0.0,3.668587514,0.509442181,-0.3470446494,0.0,Indo-European,Greek,0.0,0.322229624694648,0.52,0.41511663616689093,0.6754410575827845
eng_Latn,eng,eng,Latn,stan1293,English,1.0,5.0,1.0,2.0,2.0,2.0,2.0,2.0,2.0,3.0,2.0,2.0,0.21322975,0.00280262133025,1.1999853225,0.003989466543,0.3447120456,0.0072129421485,9.6080137905,0.0268911208775,9.191172055,0.02551200588,6.1375,0.2363814489,3.72410539275,0.361524383475,-0.67024734315,0.0,Indo-European,Germanic,0.3289541778517688,0.250287797390637,0.0,0.3612439683565323,0.3844439063173674
epo_Latn,epo,,Latn,espe1235,Esperanto,,,,,,,,,,,,,,,,,,,,,,,,,,,,,Eastern Sudanic,Eastern Nilotic,0.014942533917982,0.3344983031960695,0.73,,
eus_Latn,eus,bsq,Latn,basq1248,Basque,1.0,1.0,1.0,3.0,3.0,2.0,5.0,2.0,4.0,1.0,2.0,3.0,0.3767215,0.003945125188,1.779372454,0.004188887633,0.5698891725,0.00639943772,11.32465899,0.02550663366,9.678489659,0.02305751699,19.13,1.411771936,3.76816246,0.7769198296,-0.3170176164,0.0,Basque,Basque,0.0,0.4201880728484704,0.61,0.6524873930407307,0.8742562979384555
ewe_Latn,ewe,ewe,Latn,ewee1241,Ewe,,,,,4.0,2.0,5.0,1.0,4.0,1.0,1.0,2.0,,,,,,,,,,,,,,,,,Niger-Congo,Gbe,0.0024143425780275,0.1974485116317852,0.66,,
fao_Latn,fao,far,Latn,faro1244,Faroese,,,,,,,,,,,,,,,,,,,,,,,,,,,,,Indo-European,Germanic,0.0005360801101878,0.318676946033325,0.61,,
fij_Latn,fij,fij,Latn,fiji1243,Fijian,2.0,5.0,1.0,4.0,1.0,1.0,1.0,2.0,1.0,2.0,2.0,1.0,,,,,,,,,,,,,,,,,Austronesian,Oceanic,0.0012372760539751,0.1187940761636107,0.66,,
fil_Latn,fil,,Latn,fili1244,Filipino,,,,,,,,,,,,,,,,,,,,,,,,,,,,,Eastern Sudanic,Eastern Nilotic,0.0,0.2273790178748365,0.57,,
fin_Latn,fin,fin,Latn,finn1318,Finnish,1.0,2.0,1.0,2.0,2.0,3.0,5.0,2.0,2.0,3.0,3.0,3.0,0.49185625,0.0045681495215,1.6473674535,0.0041420045035,0.51525612905,0.0061992570845,11.9248204,0.02699064425,10.52468358,0.03468530106,16.645,0.3949820872999999,3.7842248115,0.76835147515,-0.18550286815,0.0,Uralic,Finnic,0.0,0.5442154255319149,0.53,0.5589332145876035,0.686841632123994
fon_Latn,fon,fon,Latn,fonn1241,Fon,,,,,,,,,,,,,,,,,,,,,,,,,,,,,Niger-Congo,Gbe,0.0011371548285524,0.1763473362415415,0.65,,
fra_Latn,fra,fre,Latn,stan1290,French,1.0,5.0,2.0,3.0,4.0,2.0,5.0,2.0,2.0,3.0,3.0,2.0,0.254833,0.0033324219935,1.259284245,0.0041378975725,0.44809908045,0.007850307575,9.450808215,0.025368553565,8.647569557499999,0.028037943415,6.5,0.0,3.3477259725,0.26886062565,-0.5554926184,0.0,Indo-European,Romance,0.0224653116736396,0.2482533015629417,0.46,0.4039850921398672,0.4972663586153365
fur_Latn,fur,,Latn,east2271,Friulian,,,,,,,,,,,,,,,,,,,,,,,,,,,,,Eastern Sudanic,Eastern Nilotic,0.000176528578925,0.2229600763480197,0.57,,
fuv_Latn,fuv,fni,Latn,nige1253,Nigerian Fulfulde,,,,,,,,,,,,,,,,,,,,,,,,,,,,,Niger-Congo,Peul-Serer,0.0014414518530033,0.2453746530989824,1.0,,
gaz_Latn,gaz,owc,Latn,west2721,West Central Oromo,,,,,,,,,,,,,,,,,,,,,,,,,,,,,Afro-Asiatic,Lowland East Cushitic,0.0015867023727812,0.4198963618698046,0.91,,
gla_Latn,gla,gae,Latn,scot1245,Scottish Gaelic,,,,,,,,,3.0,3.0,,,,,,,,,,,,,,,,,,,Indo-European,Celtic,0.0014916164019469,0.2103253458016754,0.55,,
gle_Latn,gle,iri,Latn,iris1253,Irish,,,,,,,,,4.0,3.0,3.0,2.0,,,,,,,,,,,,,,,,,Indo-European,Celtic,0.004251864048641,0.239448680830241,0.62,0.38064422275612025,0.2954942567819
glg_Latn,glg,glc,Latn,gali1258,Galician,,,,,,,,,,,,,,,,,,,,,,,,,,,,,Indo-European,Romance,0.0206896521366961,0.2772361359570662,0.67,0.44540999870445147,0.590367762152982
gom_Deva,gom,,Deva,goan1235,Goan Konkani,,,,,,,,,,,,,,,,,,,,,,,,,,,,,Eastern Sudanic,Eastern Nilotic,0.0,0.4357761107905366,0.57,,
gug_Latn,gug,gua,Latn,para1311,Paraguayan Guaraní,1.0,5.0,1.0,3.0,1.0,1.0,1.0,2.0,6.0,,1.0,3.0,,,,,,,,,,,,,,,,,Tupian,Maweti-Guarani,0.0,0.3730949925518506,0.71,,
guj_Gujr,guj,guj,Gujr,guja1252,Gujarati,,,,,,,,,,,,,,,,,,,,,,,,,,,,,Indo-European,Indic,0.0163961510511009,0.3622531237404272,0.68,,
hat_Latn,hat,hcr,Latn,hait1244,Haitian Creole,,,,,,,,,,,,,,,,,,,,,,,,,,,,,other,Creoles and Pidgins,0.00357963422104,0.1934686025740851,0.65,,
hau_Latn,hau,hau,Latn,haus1257,Hausa,2.0,5.0,1.0,4.0,3.0,2.0,5.0,2.0,1.0,1.0,4.0,1.0,,,,,,,,,,,,,,,,,Afro-Asiatic,West Chadic,0.0036786154301055,0.189664490915894,0.45,,
heb_Hebr,heb,heb,Hebr,hebr1245,Hebrew,6.0,5.0,3.0,3.0,2.0,2.0,5.0,2.0,3.0,1.0,1.0,2.0,0.265816,0.002916649448,1.404472533,0.004894390514,0.188939859,0.008729938803,9.489467886,0.0268604452,8.799549238,0.02686774285,12.0,0.0,3.582896654,0.4987717643,-0.4390258522,0.0,Afro-Asiatic,Semitic,0.0,0.4949488875526157,0.52,0.35850335231112546,0.6188741742433425
hin_Deva,hin,hin,Deva,hind1269,Hindi,1.0,1.0,2.0,2.0,3.0,2.0,5.0,2.0,2.0,1.0,3.0,2.0,0.2209145,0.002932237158,1.197362476,0.004518716303,0.2165604927,0.00535206021,9.677578621,0.02597274565,9.024242814,0.03088907657,10.48,0.4995998399,3.386435367,0.3419674023,-0.6769703836,0.0,Indo-European,Indic,0.0368332622130518,0.2220896750308515,0.59,0.16241209836547357,0.49756485641563597
hne_Deva,hne,,Deva,chha1249,Chhattisgarhi,,,,,,,,,,,,,,,,,,,,,,,,,,,,,Eastern Sudanic,Eastern Nilotic,0.000416526091545,0.2446123821783,0.57,,
hrv_Latn,hrv,,Latn,croa1245,Croatian,,,,,,,,,,,,,,,,,,,,,,,,,,,,,Eastern Sudanic,Eastern Nilotic,0.0,0.416235167206041,0.79,0.436273591925776,0.734685908968786
hun_Latn,hun,hun,Latn,hung1274,Hungarian,1.0,1.0,1.0,3.0,2.0,1.0,5.0,2.0,2.0,1.0,4.0,3.0,0.348783,0.004860597803,1.391733545,0.004667974766,0.5965972903,0.007500796436,10.77446023,0.02264205279,10.17339126,0.02637111889,8.0,0.0,3.72509046,0.6553107254,-0.3979728231,0.0,Uralic,Ugric,0.0,0.451831750339213,0.6,0.4268370635128947,0.7945119563162655
hye_Armn,hye,arm,Armn,nucl1235,Armenian,,,,2.0,,,,,2.0,2.0,3.0,3.0,,,,,,,,,,,,,,,,,Indo-European,Armenian,0.0038406527454455,0.4255261000273299,0.66,,
ibo_Latn,ibo,igb,Latn,nucl1417,Igbo,,,,,,,,,,1.0,1.0,1.0,,,,,,,,,,,,,,,,,Niger-Congo,Igboid,0.0047853501292869,0.2003914546287427,0.61,,
ilo_Latn,ilo,ilo,Latn,ilok1237,Ilocano,,,,,,,,,,1.0,,,,,,,,,,,,,,,,,,,Austronesian,Northern Luzon,0.0008069180557143,0.2433936022253129,0.7,,
ind_Latn,ind,ind,Latn,indo1316,Indonesian,2.0,5.0,1.0,3.0,4.0,4.0,4.0,1.0,2.0,2.0,1.0,1.0,0.302711,0.003485122523,1.038599384,0.001842578583,0.3359898069,0.005788804623,10.75660006,0.02742603645,10.68784507,0.02990780641,6.7,0.4582575695,2.711112641,0.3036415377,-0.8030036024,0.0,Austronesian,Malayo-Sumbawan,0.0040779026946507,0.2534618662121857,0.52,0.32375856653773394,0.49903548251708985
isl_Latn,isl,ice,Latn,icel1247,Icelandic,,,,,2.0,2.0,2.0,2.0,2.0,,,,,,,,,,,,,,,,,,,,Indo-European,Germanic,0.0,0.3507216494845361,0.47,,
ita_Latn,ita,ita,Latn,ital1282,Italian,,,,,,,,,2.0,3.0,,,0.2437408333333333,0.0030536672763333,1.304717124666667,0.0044521739226666,0.5009519405333334,0.0085614510436666,9.430709779666666,0.0259568482333333,8.619637586000001,0.0266694245966666,6.0,0.0,3.492087011333333,0.3069961418,-0.5456943969666667,0.0,Indo-European,Romance,0.0,0.275741935483871,0.51,0.46825714380462563,0.643149735768213
jav_Latn,jav,jav,Latn,java1254,java1254,,,,,,,,,,,,,,,,,,,,,,,,,,,,,Austronesian,Javanese,0.0046022035475362,0.2699478001491424,0.82,,
jpn_Jpan,jpn,jpn,Jpan,nucl1643,Japanese,1.0,1.0,1.0,3.0,2.0,2.0,2.0,2.0,2.0,2.0,1.0,1.0,0.2827255,0.00323656836,1.043163617,0.002361720004,0.3218547644,0.008011033919,9.533716339,0.02308107841,9.313048038,0.02684178501,0.0,0.0,1.342381297,1.342407073,-0.9159938381,0.0,Japanese,Japanese,0.0,0.9937106918238994,0.66,0.0,0.4688421344479345
kab_Latn,kab,kbl,Latn,kaby1243,Kabyle,,,,,,,,,,,,,,,,,,,,,,,,,,,,,Afro-Asiatic,Berber,0.0014078910259779,0.3115251299826689,0.69,,
kac_Latn,kac,jng,Latn,kach1280,Jingpho,,,,,,,,,1.0,,,,,,,,,,,,,,,,,,,,Sino-Tibetan,Brahmaputran,0.0001955523739544,0.085017087355357,0.75,,
kam_Latn,kam,kba,Latn,kamb1297,Kamba,,,,,,,,,6.0,,,,,,,,,,,,,,,,,,,,Niger-Congo,Bantu,0.0008891090046767,0.3275677255895537,0.81,,
kan_Knda,kan,knd,Knda,nucl1305,Kannada,1.0,1.0,1.0,2.0,2.0,2.0,2.0,2.0,2.0,1.0,4.0,2.0,,,,,,,,,,,,,,,,,Dravidian,Dravidian,0.0183927868584548,0.5561136814276272,0.64,,
kas_Arab,kas,kas,Arab,kash1277,Kashmiri (Arabic script),,,,,,,,,,,,,,,,,,,,,,,,,,,,,Indo-European,Indic,0.0004320379359924,0.4321410625371157,0.65,,
kas_Deva,kas,kas,Deva,kash1277,Kashmiri (Devanagari script),,,,,,,,,,,,,,,,,,,,,,,,,,,,,Indo-European,Indic,0.0006527932051512,0.3629346977712254,0.65,,
kat_Geor,kat,geo,Geor,nucl1302,Georgian,1.0,1.0,2.0,5.0,3.0,2.0,5.0,2.0,3.0,1.0,3.0,3.0,,,,,,,,,,,,,,,,,Kartvelian,Kartvelian,0.0026404078945849,0.5013835085777532,0.61,,
kaz_Cyrl,kaz,kaz,Cyrl,kaza1248,Kazakh,,,,,,,,,,,,,,,,,,,,,,,,,,,,,Altaic,Turkic,0.0087261751565499,0.4583358994888218,0.9,0.07018532810891316,0.5300342362888815
kbp_Latn,kbp,kby,Latn,kabi1261,Kabiyè,,,,,,,,,,,,,,,,,,,,,,,,,,,,,Niger-Congo,Grusi,0.0002977329955283,0.2433733930739919,0.73,,
kea_Latn,kea,,Latn,kabu1256,Kabuverdianu,,,,,,,,,,,,,,,,,,,,,,,,,,,,,Eastern Sudanic,Eastern Nilotic,0.0002785181037071,0.2403383875739645,0.57,,
khk_Cyrl,khk,kha,Cyrl,halh1238,Halh Mongolian,1.0,1.0,1.0,2.0,2.0,2.0,2.0,2.0,2.0,1.0,4.0,1.0,,,,,,,,,,,,,,,,,Altaic,Mongolic,0.0031078213477478,0.3635584137191854,0.69,,
khm_Khmr,khm,khm,Khmr,cent1989,Khmer (Central),,,,,,,,,1.0,1.0,1.0,1.0,,,,,,,,,,,,,,,,,Austro-Asiatic,Khmer,0.0021057249061706,0.9061100161261424,0.64,,
kik_Latn,kik,kik,Latn,kiku1240,Kikuyu,,,,,,,,,6.0,1.0,,,,,,,,,,,,,,,,,,,Niger-Congo,Bantu,0.0009931174451827,0.2748686514886164,0.75,,
kin_Latn,kin,kin,Latn,kiny1244,Kinyarwanda,,,,,,,,,,,,,,,,,,,,,,,,,,,,,Niger-Congo,Bantu,0.0055800859468688,0.3599481865284974,0.77,,
kir_Cyrl,kir,kgz,Cyrl,kirg1245,Kyrgyz,,,,,,,,,2.0,,,,,,,,,,,,,,,,,,,,Altaic,Turkic,0.0061157125668648,0.4467693440510523,0.77,,
kmb_Latn,kmb,,Latn,kimb1241,Kimbundu,,,,,,,,,,,,,,,,,,,,,,,,,,,,,Eastern Sudanic,Eastern Nilotic,0.0006919658593371,0.277214427929805,0.57,,
kmr_Latn,kmr,kji,Latn,nort2641,Northern Kurdish,,,,,,,,,,,,,,,,,,,,,,,,,,,,,Indo-European,Iranian,0.0004367066786041,0.2951773835920177,0.74,0.2562413953378974,0.0
knc_Arab,knc,knr,Arab,cent2050,Central Kanuri (Arabic script),,,,,3.0,2.0,5.0,2.0,2.0,1.0,1.0,3.0,,,,,,,,,,,,,,,,,Saharan,Western Saharan,0.0023929650832001,0.5669509103480065,0.73,,
knc_Latn,knc,knr,Latn,cent2050,Central Kanuri (Latin script),,,,,3.0,2.0,5.0,2.0,2.0,1.0,1.0,3.0,,,,,,,,,,,,,,,,,Saharan,Western Saharan,0.0002230136029052,0.3806918017972789,0.73,,
kor_Hang,kor,kor,Hang,kore1280,Korean,1.0,1.0,1.0,4.0,2.0,2.0,2.0,2.0,2.0,1.0,1.0,1.0,0.5807387500000001,0.005538113876,0.995823606,0.00067443091565,0.222727112,0.0030324731495,12.760775425,0.02299842258,12.77096616,0.0219841214,0.0,0.0,1.218765428,1.2187962495,-0.8032718347,0.0,Korean,Korean,0.0,0.5933598937583001,0.62,0.08442871510093952,0.232509952140781
ktu_Latn,ktu,ktb,Latn,kitu1246,Kituba (DRC),,,,,,,,,,,,,,,,,,,,,,,,,,,,,other,Creoles and Pidgins,0.0,0.1477100864776825,0.57,,
lao_Laoo,lao,lao,Laoo,laoo1244,Lao,,,,,,,,,1.0,,,,,,,,,,,,,,,,,,,,Tai-Kadai,Kam-Tai,0.0014295106739919,0.7758438818565401,0.59,,
lij_Latn,lij,itg,Latn,geno1240,Ligurian (Genoese),,,,,,,,,,,,,,,,,,,,,,,,,,,,,Indo-European,Romance,0.0002416158179893,0.24396,0.57,,
lim_Latn,lim,,Latn,limb1263,Limburgish,,,,,,,,,,,,,,,,,,,,,,,,,,,,,Eastern Sudanic,Eastern Nilotic,0.0008172814097836,0.3082054703135423,0.57,,
lin_Latn,lin,lin,Latn,ling1263,Lingala,,,,,,,,,,,,,,,,,,,,,,,,,,,,,Niger-Congo,Bantu,0.001741857650797,0.1568102756221568,0.67,,
lit_Latn,lit,lit,Latn,lith1251,Lithuanian,,,,,,,,,2.0,,,,,,,,,,,,,,,,,,,,Indo-European,Baltic,0.0,0.4805557240793545,0.68,0.45913755734683076,0.9625510362507195
lmo_Latn,lmo,,Latn,lomb1257,Lombard,,,,,,,,,,,,,,,,,,,,,,,,,,,,,Eastern Sudanic,Eastern Nilotic,0.0016327475823895,0.2795558716611348,0.57,,
ltg_Latn,ltg,,Latn,east2282,Latgalian,,,,,,,,,,,,,,,,,,,,,,,,,,,,,Eastern Sudanic,Eastern Nilotic,7.180224903995096e-05,0.4431455897980871,0.57,,
ltz_Latn,ltz,lux,Latn,luxe1241,Luxembourgish,,,,,,,,,,,,,,,,,,,,,,,,,,,,,Indo-European,Germanic,0.003066716573709,0.2875361494334613,0.72,,
lua_Latn,lua,cil,Latn,luba1249,Luba-Kasai,,,,,,,,,,,,,,,,,,,,,,,,,,,,,Niger-Congo,Bantu,0.0014980887117032,0.2601686278143241,0.57,,
lug_Latn,lug,lda,Latn,gand1255,Ganda,,,,,,,,,6.0,,,,,,,,,,,,,,,,,,,,Niger-Congo,Bantu,0.0026269703985187,0.4856547619047619,0.78,,
luo_Latn,luo,luo,Latn,luok1236,Luo,,,,,,,,,4.0,2.0,,,,,,,,,,,,,,,,,,,Eastern Sudanic,Western Nilotic,0.0021409594712226,0.2200707979698895,0.63,,
lus_Latn,lus,miz,Latn,lush1249,Mizo,,,,,,,,,1.0,,,,,,,,,,,,,,,,,,,,Sino-Tibetan,Kuki-Chin,0.0013351374868971,0.1779913322027511,0.76,,
lvs_Latn,lvs,,Latn,stan1325,Standard Latvian,,,,,,,,,,,,,,,,,,,,,,,,,,,,,Eastern Sudanic,Eastern Nilotic,0.0,0.4427940586109996,0.57,,
mag_Deva,mag,mgh,Deva,maga1260,Magahi,,,,,,,,,,,,,,,,,,,,,,,,,,,,,Indo-European,Indic,0.0012589498582364,0.226657645466847,0.89,,
mai_Deva,mai,mai,Deva,mait1250,Maithili,,,,,2.0,2.0,2.0,2.0,2.0,,,,,,,,,,,,,,,,,,,,Indo-European,Indic,0.0022492172625263,0.2415696420871065,0.63,,
mal_Mlym,mal,mym,Mlym,mala1464,Malayalam,,,,,,,,,,2.0,,,,,,,,,,,,,,,,,,,Dravidian,Dravidian,0.0187709187234896,0.6043216436415161,0.77,,
mar_Deva,mar,mhi,Deva,mara1378,Marathi,,,,,,,,,2.0,,,,,,,,,,,,,,,,,,,,Indo-European,Indic,0.013705689655231,0.424388873279011,0.7,0.2251422318931376,0.494141805495958
mhr_Cyrl,mhr,mme,Cyrl,gras1239,Meadow Mari,,,,,,,,,2.0,3.0,,,,,,,,,,,,,,,,,,,Uralic,Mari,0.0,0.3939687055476529,0.8,,
min_Arab,min,min,Arab,mina1268,Minangkabau (Jawi script),,,,,,,,,1.0,1.0,,,,,,,,,,,,,,,,,,,Austronesian,Malayo-Sumbawan,0.0,0.3342406656052591,0.65,,
min_Latn,min,min,Latn,mina1268,Minangkabau (Latin script),,,,,,,,,1.0,1.0,,,,,,,,,,,,,,,,,,,Austronesian,Malayo-Sumbawan,0.0005183936280125,0.2664754953076121,0.65,,
mkd_Cyrl,mkd,mcd,Cyrl,mace1250,Macedonian,,,,,,,,,,,,,,,,,,,,,,,,,,,,,Indo-European,Slavic,0.0,0.3439148222999951,0.57,,
mlt_Latn,mlt,mlt,Latn,malt1254,Maltese,,,,,,,,,,,,,,,,,,,,,,,,,,,,,Afro-Asiatic,Semitic,0.0027886718357189,0.3995223102811855,0.86,,
mni_Beng,mni,mei,Beng,mani1292,"Meitei (Manipuri, Bengali script)",1.0,1.0,1.0,3.0,2.0,2.0,2.0,2.0,3.0,1.0,4.0,1.0,,,,,,,,,,,,,,,,,Sino-Tibetan,Manipuri,9.322733572110016e-05,0.4079489857621901,0.69,,
mni_Mtei,mni,mei,Mtei,mani1292,"Meitei (Manipuri, Meitei script)",1.0,1.0,1.0,3.0,2.0,2.0,2.0,2.0,3.0,1.0,4.0,1.0,,,,,,,,,,,,,,,,,Sino-Tibetan,Manipuri,0.0,0.3899730287164842,0.69,,
mos_Latn,mos,moo,Latn,moss1236,Mossi,,,,,,,,,2.0,1.0,,,,,,,,,,,,,,,,,,,Niger-Congo,Oti-Volta,0.0004135929016664,0.2575701089432915,0.68,,
mri_Latn,mri,mao,Latn,maor1246,Maori,7.0,1.0,1.0,,2.0,2.0,2.0,2.0,1.0,1.0,1.0,1.0,,,,,,,,,,,,,,,,,Austronesian,Oceanic,0.0016933239889773,0.1271267040050724,0.53,,
mya_Mymr,mya,brm,Mymr,nucl1310,Burmese,1.0,1.0,1.0,2.0,2.0,2.0,2.0,2.0,2.0,2.0,1.0,1.0,,,,,,,,,,,,,,,,,Sino-Tibetan,Burmese-Lolo,0.0026348369125403,0.8339107195882411,0.73,,
nld_Latn,nld,dut,Latn,dutc1256,Dutch,,,,,,,,,2.0,,,,0.2776345,0.002905767031,1.1522877355,0.0034340843605,0.4168981726,0.007091420108,9.8278255895,0.02616147395,9.491823557,0.025018012065,3.0,0.0,3.4666062695,0.23341611655,-0.5990001978499999,0.0,Indo-European,Germanic,0.0,0.2605930264482474,0.49,0.5224655205904492,0.65365583488978
nno_Latn,nno,,Latn,norw1262,Norwegian Nynorsk,,,,,,,,,,,,,,,,,,,,,,,,,,,,,Eastern Sudanic,Eastern Nilotic,5.480995148898899e-05,0.2837662649445431,0.57,,
nob_Latn,nob,,Latn,norw1259,Norwegian Bokmål,,,,,,,,,,,,,,,,,,,,,,,,,,,,,Eastern Sudanic,Eastern Nilotic,0.0001409544888479,0.2954478851225945,0.52,,
npi_Deva,npi,nep,Deva,nepa1254,Nepali,,,,,2.0,2.0,2.0,2.0,2.0,,,,,,,,,,,,,,,,,,,,Indo-European,Indic,0.0082764886659896,0.4117647058823529,0.88,,
nqo_Nkoo,nqo,,Nkoo,nkoa1234,Nko,,,,,,,,,,,,,,,,,,,,,,,,,,,,,Eastern Sudanic,Eastern Nilotic,0.0,0.2167617376042123,0.57,,
nso_Latn,nso,stn,Latn,pedi1238,Northern Sotho,,,,,,,,,,,,,,,,,,,,,,,,,,,,,Niger-Congo,Bantu,0.001851045944895,0.1777654662973222,0.73,,
nus_Latn,nus,nue,Latn,nuer1246,Nuer,,,,,,,,,2.0,,,,,,,,,,,,,,,,,,,,Eastern Sudanic,Western Nilotic,0.0004939368855486,0.1701285116557083,0.71,,
nya_Latn,nya,cic,Latn,nyan1308,Nyanja,,,,,,,,,,,,,,,,,,,,,,,,,,,,,Niger-Congo,Bantu,0.0037173772626579,0.3529566914596191,0.69,,
oci_Latn,oci,occ,Latn,occi1239,Occitan,,,,,,,,,,,,,,,,,,,,,,,,,,,,,Indo-European,Romance,0.0097656341207747,0.2583724045545881,0.68,,
ory_Orya,ory,oya,Orya,oriy1255,Odia,,,,,,,,,2.0,,,,,,,,,,,,,,,,,,,,Indo-European,Indic,0.007842104506314,0.3631878150809825,0.57,,
pag_Latn,pag,pnn,Latn,pang1290,Pangasinan,,,,,,,,,,1.0,,,,,,,,,,,,,,,,,,,Austronesian,Northern Luzon,0.0009071410292379,0.2658691877291144,0.72,,
pan_Guru,pan,pan,Guru,panj1256,Eastern Panjabi,,,,,,,,,2.0,1.0,,,,,,,,,,,,,,,,,,,Indo-European,Indic,0.0061080329557168,0.2388065843621399,0.65,,
pap_Latn,pap,pap,Latn,papi1253,Papiamento,,,,,,,,,,,,,,,,,,,,,,,,,,,,,other,Creoles and Pidgins,0.0028615440809174,0.1943580170089193,1.0,,
pbt_Arab,pbt,,Arab,sout2649,Southern Pashto,,,,,,,,,,,,,,,,,,,,,,,,,,,,,Eastern Sudanic,Eastern Nilotic,0.0030421569890785,0.2616639723297868,0.57,,
pes_Arab,pes,prs,Arab,west2369,Western Persian,1.0,1.0,1.0,3.0,3.0,1.0,5.0,2.0,3.0,1.0,1.0,3.0,0.210736,0.002778867395,1.311090238,0.004401099533,0.1994997201,0.006480280061,9.746808365,0.02362500419,9.154790257,0.0284485492,6.0,0.0,2.883288676,0.02123794786,-0.6910323497,0.0,Indo-European,Iranian,0.0,0.2730387736699729,0.72,,
plt_Latn,plt,mal,Latn,plat1254,Plateau Malagasy,1.0,1.0,1.0,3.0,2.0,5.0,5.0,2.0,1.0,1.0,1.0,3.0,,,,,,,,,,,,,,,,,Austronesian,Barito,0.0023072113096052,0.2435938427807975,0.68,,
pol_Latn,pol,pol,Latn,poli1260,Polish,,,,,,,,,2.0,,,,0.41142625,0.0035591261015,1.470589479,0.0035602757635,0.4674302978,0.005334552055,11.22041198,0.024075656755,10.303765575,0.022719405495,10.0,0.0,3.9787162085,0.826411,-0.2875060689499999,0.0,Indo-European,Slavic,0.0,0.44462452728255,0.59,0.5495061104256599,0.8375117626189994
por_Latn,por,por,Latn,braz1246,Portuguese (Brazilian),,,,,,,,,2.0,3.0,,,0.286788,0.003077638055,1.269971018,0.00444164928,0.4226377998,0.008080790616,9.307546317,0.02991613103,8.717849644,0.02465421328,7.0,0.0,3.346369016,0.2441854357,-0.512995031,0.0,Indo-European,Romance,0.0251887680822745,0.2700221589110478,0.47,0.46710351941922107,0.5343837013373006
prs_Arab,prs,dri,Arab,dari1249,Dari,,,,,,,,,,1.0,,,,,,,,,,,,,,,,,,,Indo-European,Iranian,0.0012518626836118,0.2346034655842171,1.0,,
quy_Latn,quy,qay,Latn,ayac1239,Ayacucho Quechua,,,,,,,,,,1.0,,,,,,,,,,,,,,,,,,,Quechuan,Quechuan,0.0010604931047976,0.5238445588923818,0.92,,
ron_Latn,ron,rom,Latn,roma1327,Romanian,,,,,,,,,2.0,,,,0.2758895,0.0036367798639999,1.7756726315,0.0050230030015,0.42018721275,0.0073562020545,9.999405354,0.02502473342,8.8749691385,0.028757345135,8.05,0.15,3.883758134,0.6702779786999999,-0.3030110949,0.0,Indo-European,Romance,0.0,0.3114768683274021,0.53,0.46531502686937143,0.580213481410375
run_Latn,run,rnd,Latn,rund1242,Rundi,,,,,,,,,,1.0,,,,,,,,,,,,,,,,,,,Niger-Congo,Bantu,0.0020182915595327,0.3516313823163138,0.95,,
rus_Cyrl,rus,rus,Cyrl,russ1263,Russian,1.0,2.0,1.0,3.0,2.0,2.0,2.0,2.0,2.0,3.0,3.0,3.0,0.4625082499999999,0.00463147432,1.4782379529999998,0.004069824834,0.4873502554,0.006231377053,11.579303565,0.02760559511,10.79271158,0.02492292857,11.5,0.0,3.5974929235,0.58373414245,-0.2865155575,0.0,Indo-European,Slavic,0.0203632438640874,0.4371939535873962,0.49,0.514019762702046,0.787732531566447
sag_Latn,sag,san,Latn,sang1328,Sango,1.0,5.0,6.0,1.0,4.0,2.0,5.0,2.0,6.0,,1.0,3.0,,,,,,,,,,,,,,,,,Niger-Congo,Ubangi,0.0008622312773801,0.1081697701727898,0.62,,
san_Deva,san,,Deva,sans1269,Sanskrit,,,,,,,,,,,,,,,,,,,,,,,,,,,,,Eastern Sudanic,Eastern Nilotic,0.0015578409222043,0.5109167635007034,0.86,0.5456985376171136,0.49132511214328645
sat_Olck,sat,stl,Olck,sant1410,Santali,,,,,,,,,2.0,1.0,,,,,,,,,,,,,,,,,,,Austro-Asiatic,Munda,0.0,0.2741046233991752,0.72,,
scn_Latn,scn,,Latn,sici1248,Sicilian,,,,,,,,,,,,,,,,,,,,,,,,,,,,,Eastern Sudanic,Eastern Nilotic,0.0005333312703632,0.3076958803585528,0.63,,
shn_Mymr,shn,sha,Mymr,shan1277,Shan,,,,,,,,,,,,,,,,,,,,,,,,,,,,,Tai-Kadai,Kam-Tai,0.0001672328505389,0.7912360034453058,0.77,,
sin_Sinh,sin,snh,Sinh,sinh1246,Sinhala,,,,,,,,,,,,,,,,,,,,,,,,,,,,,Indo-European,Indic,0.0079569115566546,0.3521543086172344,0.78,,
slk_Latn,slk,svk,Latn,slov1269,Slovak,,,,,,,,,,,,,0.411039,0.004109322207,1.489446916,0.003475563111,0.4011295319,0.005610317843,11.2812817,0.02421293818,10.38410295,0.02786511911,10.0,0.0,3.981664793,0.7219756686,-0.3040405675,0.0,Indo-European,Slavic,0.0,0.4364602339808951,0.57,0.5619823132844476,0.8026812915924111
slv_Latn,slv,slo,Latn,slov1268,Slovenian,,,,,,,,,2.0,,,,0.397861,0.004112527082,1.489263086,0.004066053056,0.4468196569,0.006160322378,10.91581693,0.02351622518,9.921261355,0.0265127176,8.0,0.0,3.938216931,0.625168676,-0.2840205475,0.0,Indo-European,Slavic,0.0,0.4069498475449479,0.56,0.4572784824948805,0.8285233504238815
smo_Latn,smo,sam,Latn,samo1305,Samoan,,,,,,,,,1.0,1.0,,,,,,,,,,,,,,,,,,,Austronesian,Oceanic,0.001921769080563,0.1218254098629957,0.67,,
sna_Latn,sna,shn,Latn,shon1251,Shona,,,,,,,,,6.0,,,,,,,,,,,,,,,,,,,,Niger-Congo,Bantu,0.0051588271098744,0.492082751926227,0.75,,
snd_Arab,snd,sdh,Arab,sind1272,Sindhi (Arabic script),,,,,,,,,,,,,,,,,,,,,,,,,,,,,Indo-European,Indic,0.0038113077178725,0.2329422726695184,0.57,,
snd_Deva,snd,sdh,Deva,sind1272,Sindhi (Devanagari script),,,,,,,,,,,,,,,,,,,,,,,,,,,,,Indo-European,Indic,0.0,0.262266644639022,0.57,,
som_Latn,som,som,Latn,soma1255,Somali,,,,,,,,,2.0,1.0,,,,,,,,,,,,,,,,,,,Afro-Asiatic,Lowland East Cushitic,0.0046133626519866,0.334800953953403,0.62,,
sot_Latn,sot,ses,Latn,sout2807,Southern Sotho,,,,,,,,,,1.0,,,,,,,,,,,,,,,,,,,Niger-Congo,Bantu,0.0033609808342466,0.1792270355096529,0.65,,
spa_Latn,spa,spa,Latn,amer1254,Spanish (Latin American),1.0,1.0,2.0,3.0,3.0,2.0,5.0,2.0,2.0,3.0,3.0,2.0,0.2972225,0.003451705614,1.2502803465,0.004702104137,0.4133810398,0.0073448451435,9.5649960345,0.026362508095,8.9274300275,0.0261070634699999,6.0,0.0,3.5235709505,0.3725195807,-0.5145175115,0.0,Indo-European,Romance,0.000208862411378,0.2616437797970742,0.4,0.4523871617282403,0.59241725775197
srd_Latn,srd,,Latn,sard1257,Sardinian,,,,,,,,,,,,,,,,,,,,,,,,,,,,,Eastern Sudanic,Eastern Nilotic,0.0002483598207034,0.2416046319272125,0.57,,
srp_Cyrl,srp,,Cyrl,serb1264,Serbian,,,,,,,,,,,,,,,,,,,,,,,,,,,,,Eastern Sudanic,Eastern Nilotic,0.0,0.4004213338814099,0.62,0.3409187567596479,0.6042900134004721
ssw_Latn,ssw,swt,Latn,swat1243,Swati,,,,,,,,,,1.0,,,,,,,,,,,,,,,,,,,Niger-Congo,Bantu,0.000795811648757,0.5736288756445457,0.71,,
sun_Latn,sun,sun,Latn,sund1252,Sundanese,,,,,,,,,1.0,1.0,,,,,,,,,,,,,,,,,,,Austronesian,Malayo-Sumbawan,0.003512278254606,0.2924195445311665,0.6,,
swe_Latn,swe,swe,Latn,swed1254,Swedish,,,,,,,,,2.0,,,,0.2585032499999999,0.0032860091565,1.3221704255,0.004129456089,0.463262613,0.0064330230239999,9.938116847,0.0239522141399999,9.3483403925,0.02731400946,7.94,1.1008490176,3.6604572365,0.3725949657,-0.45202537865,0.0,Indo-European,Germanic,0.0,0.3224294250978776,0.42,0.4248037827590363,0.4855419940061995
swh_Latn,swh,swa,Latn,swah1253,Swahili,1.0,5.0,1.0,3.0,1.0,2.0,5.0,2.0,5.0,1.0,1.0,2.0,,,,,,,,,,,,,,,,,Niger-Congo,Bantu,0.0092687779035118,0.2630923314564751,0.71,,
szl_Latn,szl,,Latn,sile1253,Silesian,,,,,,,,,,,,,,,,,,,,,,,,,,,,,Eastern Sudanic,Eastern Nilotic,0.0003323388375478,0.4259871093538428,0.57,,
tam_Taml,tam,tml,Taml,tami1289,Tamil,,,,,,,,,2.0,1.0,,,,,,,,,,,,,,,,,,,Dravidian,Dravidian,0.0156680967085095,0.5201134930643128,0.71,0.15877967737516954,0.8344068484238656
taq_Latn,taq,tsk,Latn,tama1365,Tamasheq (Latin script),,,,,,,,,4.0,,,,,,,,,,,,,,,,,,,,Afro-Asiatic,Berber,8.519324731813641e-05,0.3665861235761132,0.7,,
taq_Tfng,taq,tsk,Tfng,tama1365,Tamasheq (Tifinagh script),,,,,,,,,4.0,,,,,,,,,,,,,,,,,,,,Afro-Asiatic,Berber,1.1292580453825333e-06,0.2268484492135822,0.7,,
tat_Cyrl,tat,tvo,Cyrl,tata1255,Tatar,,,,,,,,,2.0,,,,,,,,,,,,,,,,,,,,Altaic,Turkic,0.0031496358056737,0.4161965209214857,0.75,,
tel_Telu,tel,tel,Telu,telu1262,Telugu,,,,,,,,,2.0,,,,,,,,,,,,,,,,,,,,Dravidian,Dravidian,0.0218149214012385,0.4694408322496749,0.74,0.09503123213759862,0.6932028762667986
tgk_Cyrl,tgk,taj,Cyrl,taji1245,Tajik,,,,,,,,,3.0,,,,,,,,,,,,,,,,,,,,Indo-European,Iranian,0.0034651418969041,0.3211584490186692,0.68,,
tha_Thai,tha,tha,Thai,thai1261,Thai,7.0,5.0,1.0,2.0,4.0,2.0,5.0,1.0,1.0,1.0,1.0,1.0,,,,,,,,,,,,,,,,,Tai-Kadai,Kam-Tai,0.0,0.865656037637219,0.56,,
tir_Ethi,tir,tig,Ethi,tigr1271,Tigrinya,,,,,,,,,,1.0,,,,,,,,,,,,,,,,,,,Afro-Asiatic,Semitic,0.0016130436432443,0.4348601058658312,0.72,,
tpi_Latn,tpi,tpi,Latn,tokp1240,Tok Pisin,,,,,,,,,,,,,,,,,,,,,,,,,,,,,other,Creoles and Pidgins,0.0004058168304012,0.1102758574400966,0.74,,
tsn_Latn,tsn,tsw,Latn,tswa1253,Tswana,,,,,,,,,,2.0,,,,,,,,,,,,,,,,,,,Niger-Congo,Bantu,0.0030695049822396,0.170281959298622,1.0,,
tso_Latn,tso,tsn,Latn,tson1249,Tsonga,,,,,,,,,,,,,,,,,,,,,,,,,,,,,Niger-Congo,Bantu,0.0020255116631278,0.1829220677807277,0.85,,
tuk_Latn,tuk,tkm,Latn,turk1304,Turkmen,,,,,,,,,,1.0,,,,,,,,,,,,,,,,,,,Altaic,Turkic,0.0004093993482145,0.441394879106517,0.82,,
tum_Latn,tum,,Latn,tumb1250,Tumbuka,,,,,,,,,,,,,,,,,,,,,,,,,,,,,Eastern Sudanic,Eastern Nilotic,0.0016079449328511,0.2779492977344871,0.57,,
tur_Latn,tur,tur,Latn,nucl1301,Turkish,1.0,1.0,1.0,4.0,2.0,3.0,5.0,2.0,2.0,1.0,4.0,3.0,0.3973865,0.004091740797,2.277891192,0.004205815956,0.5703778328,0.006529268287,11.72238627,0.0211867727,10.01303703,0.02646104679,13.0,0.0,3.585127389,0.7244514072,-0.2250154346,0.0,Altaic,Turkic,0.0191871634578307,0.4575329511200425,0.7,0.24424045400456304,0.673054073686215
twi_Latn_akua1239,twi,,Latn,akua1239,Akuapem Twi,,,,,,,,,,,,,,,,,,,,,,,,,,,,,Eastern Sudanic,Eastern Nilotic,0.0,0.1949084160413136,0.75,,
twi_Latn_asan1239,twi,,Latn,asan1239,Asante Twi,,,,,,,,,,,,,,,,,,,,,,,,,,,,,Eastern Sudanic,Eastern Nilotic,0.0,0.2025377064879099,0.75,,
uig_Arab,uig,uyg,Arab,uigh1240,Uyghur,,,,,,,,,2.0,1.0,,,0.2161355,0.002125115232,1.888052815,0.003646215992,0.5196785931,0.006364319284,10.61753551,0.01841483038,9.39449711,0.01870926493,12.0,0.0,3.382143065,0.8478510468,-0.3709937482,0.0,Altaic,Turkic,0.0022058798652826,0.4447636146020347,0.75,0.12820376948212994,0.770323489141614
ukr_Cyrl,ukr,ukr,Cyrl,ukra1253,Ukrainian,,,,,,,,,2.0,,,,0.4429405,0.004876513586,1.420014293,0.003918646676,0.4403247859,0.005846970769,11.53110833,0.02546923404,10.81092475,0.02691999664,8.89,0.3128897569,3.857030963,0.714238679,-0.3189926453,0.0,Indo-European,Slavic,0.0,0.4438806464067067,0.51,0.48500115208670835,0.7906922300933895
umb_Latn,umb,umb,Latn,umbu1257,Umbundu,,,,,,,,,,,,,,,,,,,,,,,,,,,,,Niger-Congo,Bantu,0.0008902154696887,0.3819945581450372,0.57,,
urd_Arab,urd,urd,Arab,urdu1245,Urdu,,,,,,,,,2.0,,,,0.199242,0.002937649741,1.131727884,0.004446304484,0.1614606887,0.006737467388,9.652893288,0.02603714661,9.117100626,0.02516716346,10.21,0.4073082371,3.329645145,0.2545969317,-0.7370094646,0.0,Indo-European,Indic,0.0114263859533422,0.2269696969696969,0.67,0.2238122858920023,0.509824045675661
uzn_Latn,uzn,uzn,Latn,nort2690,Northern Uzbek,,,,,,,,,,,,,,,,,,,,,,,,,,,,,Altaic,Turkic,0.0062043617850749,0.3942960850401866,0.73,,
vec_Latn,vec,,Latn,vene1259,Venetian,,,,,,,,,,,,,,,,,,,,,,,,,,,,,Eastern Sudanic,Eastern Nilotic,0.000940893500088,0.2686362833421657,0.57,,
vie_Latn,vie,vie,Latn,viet1252,Vietnamese,2.0,5.0,1.0,1.0,4.0,4.0,4.0,1.0,1.0,1.0,1.0,1.0,0.1668725,0.001948234778,1.0,0.0,0.3713262688,0.007147892076,9.960514286,0.0220758692,9.960263782,0.02412185997,0.0,0.0,1.250803848,1.227632355,-1.0,0.0,Austro-Asiatic,Vietic,0.0,0.0980996226937588,0.57,0.5083985224359182,0.6535256716143261
war_Latn,war,wwy,Latn,wara1300,Waray,,,,,,,,,,1.0,,,,,,,,,,,,,,,,,,,Austronesian,Greater Central Philippine,0.002457460615118,0.2035141919289438,1.0,,
wol_Latn,wol,wlf,Latn,nucl1347,Wolof,,,,,,,,,1.0,2.0,,,,,,,,,,,,,,,,,,,Niger-Congo,Wolof,0.0009039622216317,0.2439160239931448,0.49,,
xho_Latn,xho,xho,Latn,xhos1239,Xhosa,,,,,,,,,6.0,1.0,,,,,,,,,,,,,,,,,,,Niger-Congo,Bantu,0.0046370872822186,0.5995598826353694,0.76,,
ydd_Hebr,ydd,ydb,Hebr,east2295,Eastern Yiddish,,,,,,,,,,,,,,,,,,,,,,,,,,,,,Indo-European,Germanic,0.0013992803650027,0.2690750261613358,0.79,,
yor_Latn,yor,yor,Latn,yoru1245,Yoruba,4.0,1.0,1.0,4.0,3.0,1.0,5.0,2.0,1.0,1.0,4.0,1.0,,,,,,,,,,,,,,,,,Niger-Congo,Defoid,0.0034080223729296,0.2502785917701927,0.61,,
yue_Hant,yue,cnt,Hant,xian1255,Yue Chinese (Hong Kong Cantonese),,,,,,,,,1.0,,,,,,,,,,,,,,,,,,,,Sino-Tibetan,Chinese,0.0,0.9661266568483065,0.59,0.514203800491043,
zgh_Tfng,zgh,,Tfng,stan1324,Standard Moroccan Tamazight,,,,,,,,,,,,,,,,,,,,,,,,,,,,,Eastern Sudanic,Eastern Nilotic,0.0,0.3137533106318577,0.57,,
zsm_Latn,zsm,mly,Latn,stan1306,Standard Malay,,,,,,,,,,,,,,,,,,,,,,,,,,,,,Austronesian,Malayo-Sumbawan,0.0168439542900719,0.2450506625097427,0.79,,
zul_Latn,zul,zul,Latn,zulu1248,Zulu,1.0,5.0,1.0,3.0,1.0,2.0,5.0,2.0,6.0,2.0,1.0,2.0,,,,,,,,,,,,,,,,,Niger-Congo,Bantu,0.0048558382231948,0.5636654235482152,0.7,,
